model_class,p50_latency_ms,p95_latency_ms,mean_cost_usd,citation_accuracy,cost_per_correct_usd
foundation,6631.887499999721,11096.31344999652,0.010455333333333334,0.25925925925925924,0.04032771428571429
instruction_tuned,839.9742000037804,2953.8593399920483,0.0003569111111111111,0.3111111111111111,0.0011472142857142857
slm,68386.76260001375,156451.94306001358,0.001056299380021416,0.07692307692307693,0.013731891940278407
